id,name,created_at,updated_at
1,"Brekke, Haley and Wolff",2012-02-26 20:56:50 UTC,2012-02-26 20:56:50 UTC
2,Blanda-Skiles,2012-02-26 20:56:50 UTC,2012-02-26 20:56:50 UTC
3,Ryan-Borer,2012-02-26 20:56:50 UTC,2012-02-26 20:56:50 UTC
4,"Schinner, Brown and Koelpin",2012-02-26 20:56:50 UTC,2012-02-26 20:56:50 UTC
5,"Zulauf, O'Kon and Hickle",2012-02-26 20:56:50 UTC,2012-02-26 20:56:50 UTC
6,Halvorson Group,2012-02-26 20:56:51 UTC,2012-02-26 20:56:51 UTC
7,"Abernathy, Rosenbaum and Steuber",2012-02-26 20:56:51 UTC,2012-02-26 20:56:51 UTC
8,Huels LLC,2012-02-26 20:56:51 UTC,2012-02-26 20:56:51 UTC
9,"Labadie, Wiegand and Ratke",2012-02-26 20:56:51 UTC,2012-02-26 20:56:51 UTC
10,Murphy-Howe,2012-02-26 20:56:51 UTC,2012-02-26 20:56:51 UTC
11,Berge-Romaguera,2012-02-26 20:56:51 UTC,2012-02-26 20:56:51 UTC
12,Hauck-Kuhic,2012-02-26 20:56:51 UTC,2012-02-26 20:56:51 UTC
13,"Balistreri, Hand and Collier",2012-02-26 20:56:51 UTC,2012-02-26 20:56:51 UTC
14,Erdman and Sons,2012-02-26 20:56:51 UTC,2012-02-26 20:56:51 UTC
15,Bednar-Schinner,2012-02-26 20:56:51 UTC,2012-02-26 20:56:51 UTC
16,Schiller Group,2012-02-26 20:56:51 UTC,2012-02-26 20:56:51 UTC
17,Anderson LLC,2012-02-26 20:56:51 UTC,2012-02-26 20:56:51 UTC
18,Hudson-Jacobi,2012-02-26 20:56:51 UTC,2012-02-26 20:56:51 UTC
19,Yundt-Schuster,2012-02-26 20:56:51 UTC,2012-02-26 20:56:51 UTC
20,Bosco and Sons,2012-02-26 20:56:51 UTC,2012-02-26 20:56:51 UTC
21,"Harris, Herman and Spencer",2012-02-26 20:56:51 UTC,2012-02-26 20:56:51 UTC
22,Botsford-Prohaska,2012-02-26 20:56:51 UTC,2012-02-26 20:56:51 UTC
23,Parisian-Miller,2012-02-26 20:56:51 UTC,2012-02-26 20:56:51 UTC
24,Labadie Inc,2012-02-26 20:56:52 UTC,2012-02-26 20:56:52 UTC
25,Mayert Inc,2012-02-26 20:56:52 UTC,2012-02-26 20:56:52 UTC
26,"King, Kub and Beer",2012-02-26 20:56:52 UTC,2012-02-26 20:56:52 UTC
27,O'Kon Inc,2012-02-26 20:56:52 UTC,2012-02-26 20:56:52 UTC
28,Quitzon Group,2012-02-26 20:56:52 UTC,2012-02-26 20:56:52 UTC
29,Dooley Inc,2012-02-26 20:56:52 UTC,2012-02-26 20:56:52 UTC
30,Graham-Larson,2012-02-26 20:56:52 UTC,2012-02-26 20:56:52 UTC
31,Becker Group,2012-02-26 20:56:52 UTC,2012-02-26 20:56:52 UTC
32,"Pacocha, Purdy and Stamm",2012-02-26 20:56:52 UTC,2012-02-26 20:56:52 UTC
33,"Monahan, Sawayn and Wuckert",2012-02-26 20:56:52 UTC,2012-02-26 20:56:52 UTC
34,"Johns, Bauch and Lueilwitz",2012-02-26 20:56:52 UTC,2012-02-26 20:56:52 UTC
35,Kreiger Inc,2012-02-26 20:56:52 UTC,2012-02-26 20:56:52 UTC
36,"Beier, Sauer and Cruickshank",2012-02-26 20:56:52 UTC,2012-02-26 20:56:52 UTC
37,Haag-Swift,2012-02-26 20:56:52 UTC,2012-02-26 20:56:52 UTC
38,Yost Group,2012-02-26 20:56:52 UTC,2012-02-26 20:56:52 UTC
39,"Turner, Olson and Sporer",2012-02-26 20:56:52 UTC,2012-02-26 20:56:52 UTC
40,Hackett-Little,2012-02-26 20:56:52 UTC,2012-02-26 20:56:52 UTC
41,Larson Group,2012-02-26 20:56:52 UTC,2012-02-26 20:56:52 UTC
42,Cummerata and Sons,2012-02-26 20:56:52 UTC,2012-02-26 20:56:52 UTC
43,Hodkiewicz-Purdy,2012-02-26 20:56:52 UTC,2012-02-26 20:56:52 UTC
44,Schuster Inc,2012-02-26 20:56:52 UTC,2012-02-26 20:56:52 UTC
45,"Kautzer, Jast and Krajcik",2012-02-26 20:56:52 UTC,2012-02-26 20:56:52 UTC
46,"Schneider, Maggio and Kohler",2012-02-26 20:56:53 UTC,2012-02-26 20:56:53 UTC
47,"Mills, Berge and Schmeler",2012-02-26 20:56:53 UTC,2012-02-26 20:56:53 UTC
48,Donnelly-Koepp,2012-02-26 20:56:53 UTC,2012-02-26 20:56:53 UTC
49,Stark-Gutmann,2012-02-26 20:56:53 UTC,2012-02-26 20:56:53 UTC
50,Kuvalis Group,2012-02-26 20:56:53 UTC,2012-02-26 20:56:53 UTC
51,"Hahn, Skiles and Lockman",2012-02-26 20:56:53 UTC,2012-02-26 20:56:53 UTC
52,"Hettinger, Goldner and Kulas",2012-02-26 20:56:53 UTC,2012-02-26 20:56:53 UTC
53,Leannon Group,2012-02-26 20:56:53 UTC,2012-02-26 20:56:53 UTC
54,Ziemann-Runolfsson,2012-02-26 20:56:53 UTC,2012-02-26 20:56:53 UTC
55,Gutmann-Schaden,2012-02-26 20:56:53 UTC,2012-02-26 20:56:53 UTC
56,Prohaska-Daniel,2012-02-26 20:56:53 UTC,2012-02-26 20:56:53 UTC
57,Turcotte-Streich,2012-02-26 20:56:53 UTC,2012-02-26 20:56:53 UTC
58,Schroeder Group,2012-02-26 20:56:53 UTC,2012-02-26 20:56:53 UTC
59,Botsford Inc,2012-02-26 20:56:53 UTC,2012-02-26 20:56:53 UTC
60,Rippin Inc,2012-02-26 20:56:53 UTC,2012-02-26 20:56:53 UTC
61,Kihn Inc,2012-02-26 20:56:53 UTC,2012-02-26 20:56:53 UTC
62,Johnston Inc,2012-02-26 20:56:53 UTC,2012-02-26 20:56:53 UTC
63,Parisian-Macejkovic,2012-02-26 20:56:54 UTC,2012-02-26 20:56:54 UTC
64,Durgan-VonRueden,2012-02-26 20:56:54 UTC,2012-02-26 20:56:54 UTC
65,Macejkovic-Kuhic,2012-02-26 20:56:54 UTC,2012-02-26 20:56:54 UTC
66,"Shanahan, Boyle and Hamill",2012-02-26 20:56:54 UTC,2012-02-26 20:56:54 UTC
67,Murazik-Schamberger,2012-02-26 20:56:54 UTC,2012-02-26 20:56:54 UTC
68,"Ebert, Klein and Rowe",2012-02-26 20:56:54 UTC,2012-02-26 20:56:54 UTC
69,Fritsch-Blanda,2012-02-26 20:56:54 UTC,2012-02-26 20:56:54 UTC
70,Pacocha-Hettinger,2012-02-26 20:56:54 UTC,2012-02-26 20:56:54 UTC
71,Bauch-Kozey,2012-02-26 20:56:54 UTC,2012-02-26 20:56:54 UTC
72,Feil LLC,2012-02-26 20:56:54 UTC,2012-02-26 20:56:54 UTC
73,Koch-Buckridge,2012-02-26 20:56:54 UTC,2012-02-26 20:56:54 UTC
74,Ritchie Inc,2012-02-26 20:56:54 UTC,2012-02-26 20:56:54 UTC
75,Crooks LLC,2012-02-26 20:56:54 UTC,2012-02-26 20:56:54 UTC
76,"Kling, Ritchie and Lueilwitz",2012-02-26 20:56:54 UTC,2012-02-26 20:56:54 UTC
77,"Hintz, Rutherford and Leannon",2012-02-26 20:56:54 UTC,2012-02-26 20:56:54 UTC
78,"Hirthe, Cremin and Jast",2012-02-26 20:56:54 UTC,2012-02-26 20:56:54 UTC
79,"Hammes, Hessel and Wehner",2012-02-26 20:56:54 UTC,2012-02-26 20:56:54 UTC
80,Schmitt-Stehr,2012-02-26 20:56:54 UTC,2012-02-26 20:56:54 UTC
81,Johns Inc,2012-02-26 20:56:54 UTC,2012-02-26 20:56:54 UTC
82,Bruen and Sons,2012-02-26 20:56:54 UTC,2012-02-26 20:56:54 UTC
83,Altenwerth Inc,2012-02-26 20:56:55 UTC,2012-02-26 20:56:55 UTC
84,"Frami, Marquardt and Conn",2012-02-26 20:56:55 UTC,2012-02-26 20:56:55 UTC
85,"Ruecker, Fay and Armstrong",2012-02-26 20:56:55 UTC,2012-02-26 20:56:55 UTC
86,Batz-Kreiger,2012-02-26 20:56:55 UTC,2012-02-26 20:56:55 UTC
87,"Douglas, Treutel and Lehner",2012-02-26 20:56:55 UTC,2012-02-26 20:56:55 UTC
88,"Farrell, VonRueden and Collier",2012-02-26 20:56:55 UTC,2012-02-26 20:56:55 UTC
89,"Casper, MacGyver and Walsh",2012-02-26 20:56:55 UTC,2012-02-26 20:56:55 UTC
90,"Watsica, Upton and Hilll",2012-02-26 20:56:55 UTC,2012-02-26 20:56:55 UTC
91,Swaniawski Group,2012-02-26 20:56:55 UTC,2012-02-26 20:56:55 UTC
92,"Bailey, Kiehn and Romaguera",2012-02-26 20:56:55 UTC,2012-02-26 20:56:55 UTC
93,"Kling, Conn and Wilkinson",2012-02-26 20:56:56 UTC,2012-02-26 20:56:56 UTC
94,"Weber, Wolff and Mertz",2012-02-26 20:56:56 UTC,2012-02-26 20:56:56 UTC
95,Hyatt Group,2012-02-26 20:56:56 UTC,2012-02-26 20:56:56 UTC
96,Hartmann Group,2012-02-26 20:56:56 UTC,2012-02-26 20:56:56 UTC
97,Thompson Group,2012-02-26 20:56:56 UTC,2012-02-26 20:56:56 UTC
98,McLaughlin LLC,2012-02-26 20:56:56 UTC,2012-02-26 20:56:56 UTC
99,Thiel and Sons,2012-02-26 20:56:56 UTC,2012-02-26 20:56:56 UTC
100,"Jakubowski, Buckridge and Kovacek",2012-02-26 20:56:56 UTC,2012-02-26 20:56:56 UTC
